test_title,result
AVATAR: FIRE AND ASH (3D),matched:83533
AVATAR: FIRE AND ASH (IMAX 3D),matched:83533
BLADES OF THE GUARDIANS (IMAX 2D),matched:1305781
DANUR: THE LAST CHAPTER (IMAX 2D),matched:662723
EPIC: ELVIS PRESLEY IN CONCERT (IMAX 2D),matched:1445363
HOPPERS (3D),matched:1327819
HOPPERS (IMAX 2D),matched:1327819
MERCY (IMAX 2D),matched:1236153
PREDATOR: BADLANDS (3D),matched:1242898
PREDATOR: BADLANDS (IMAX 2D),matched:1242898
SCREAM 7 (IMAX 2D),matched:1159559
STRAY KIDS: THE DOMINATE EXPERIENCE (IMAX 2D),matched:1600421
THE BRIDE! (IMAX 2D),matched:1159831
THE RUNNING MAN (IMAX 2D),matched:798645
TRON: ARES (3D),matched:533533
TRON: ARES (IMAX 2D),matched:533533
WICKED: FOR GOOD (3D),matched:967941
WICKED: FOR GOOD (IMAX 2D),matched:967941
WUTHERING HEIGHTS (IMAX 2D),matched:1316092
ZOOTOPIA 2 (IMAX 2D),matched:1084242
