original_title,age_rating,genre,producer,director,writer,casts,overview,popularity,runtime,original_language,release_year,released,imdb_id,imdb_rating,tmdb_id
AVATAR: FIRE AND ASH (3D),13+,Science Fiction|Adventure|Fantasy,James Cameron|Jon Landau,James Cameron,James Cameron|Shane Salerno|James Cameron|Josh Friedman|Rick Jaffa|Amanda Silver|Rick Jaffa|Amanda Silver|James Cameron,Sam Worthington|Zoe Saldaña|Sigourney Weaver|Stephen Lang|Oona Chaplin|Jack Champion|Kate Winslet|Cliff Curtis|Joel David Moore|CCH Pounder,"In the wake of the devastating war against the RDA and the loss of their eldest son, Jake Sully and Neytiri face a new threat on Pandora: the Ash People, a violent and power-hungry Na'vi tribe led by the ruthless Varang. Jake's family must fight for their survival and the future of Pandora in a conflict that pushes them to their emotional and physical limits.",84.3108,198,en,2025,2025-12-17,tt1757678,,83533
AVATAR: FIRE AND ASH (IMAX 3D),13+,Science Fiction|Adventure|Fantasy,James Cameron|Jon Landau,James Cameron,James Cameron|Shane Salerno|James Cameron|Josh Friedman|Rick Jaffa|Amanda Silver|Rick Jaffa|Amanda Silver|James Cameron,Sam Worthington|Zoe Saldaña|Sigourney Weaver|Stephen Lang|Oona Chaplin|Jack Champion|Kate Winslet|Cliff Curtis|Joel David Moore|CCH Pounder,"In the wake of the devastating war against the RDA and the loss of their eldest son, Jake Sully and Neytiri face a new threat on Pandora: the Ash People, a violent and power-hungry Na'vi tribe led by the ruthless Varang. Jake's family must fight for their survival and the future of Pandora in a conflict that pushes them to their emotional and physical limits.",84.3108,198,en,2025,2025-12-17,tt1757678,,83533
BLADES OF THE GUARDIANS (IMAX 2D),17+,Action|Adventure,Lau Tik,Yuen Woo-ping,Su Chaobin|Larry Yang|Xu Xianzhe|Yu Baimei|Chan Tai-Lee,Wu Jing|Nicholas Tse Ting-Fung|Chen Lijun|Yu Shi|Sun Yizhou|Li Yunxiao|Ju Qianlang|Ci Sha|Tony Leung Ka-fai|Max Zhang,"Dao Ma, the ""second most wanted fugitive,"" is entrusted by his benefactor, the chief of Mo family clan, to take on a mysterious escort mission-escorting the ""most wanted fugitive"" to Chang'an.",19.293,126,zh,2026,2026-02-17,tt32649961,,1305781
DANUR: THE LAST CHAPTER (IMAX 2D),13+,Horror|Mystery|Thriller,Manoj Punjabi,Awi Suryadi,Adam Ripp|Paul Todisco|Risa Saraswati|Lele Laila|Lele Laila,Prilly Latuconsina|Zee Asadel|Dito Darmawan|Lewis Robert|Muhammad Fauzan|Zachary Ayden|Said Darian Rizqi|Fillio Dheno|Dian Nitami|Anya Zen,"After years of separation from her ghost friends, Risa goes on with her life, closing the door to any communication with any ghosts. However, things change when her sister, Riri, is proposed. In an old theater and begins acting strangely in the time leading to her wedding. Not only does Riri change, but Risa also begins experiencing a series of strange events, as if she’s experiencing a painful death repeatedly. Risa suspects that this was happening because her ghost friends, Peter and his friends, were trying to convey something.",2.5038,98,id,2026,2026-03-18,tt11572502,,662723
EPIC: ELVIS PRESLEY IN CONCERT (IMAX 2D),13+,Music|Documentary,Baz Luhrmann|Jeremy Castro|Matthew Gross|Colin Smeeton|Schuyler Weiss,Baz Luhrmann,,Elvis Presley|James Burton|John Wilkinson|Charlie Hodge|Jerry Scheff|Glen D. Hardin|Ronnie Tutt|Bono|Sammy Davis Jr.|Cary Grant,"Long-lost footage from Elvis Presley's legendary Las Vegas residency in the 1970s woven together with rare 16mm footage from Elvis on Tour, and 8mm from the Graceland archive, plus recordings of Elvis telling ""his side of the story"" rediscovered during Baz Luhrmann's research for his 2022 film, Elvis.",7.4397,98,en,2026,2026-02-18,tt35003538,,1445363
HOPPERS (3D),SU,Adventure|Animation|Comedy|Family|Science Fiction,Nicole Paradis Grindle,Daniel Chong,Max Sachar|Madeline Sharafian|Jesse Andrews|Daniel Chong|Jesse Andrews|John Cody Kim|Samantha Jane Gruwell,Piper Curda|Bobby Moynihan|Jon Hamm|Kathy Najimy|Dave Franco|Eduardo Franco|Aparna Nancherla|Tom Law|Sam Richardson|Melissa Villaseñor,"Scientists have discovered how to 'hop' human consciousness into lifelike robotic animals, allowing people to communicate with animals as animals. Animal lover Mabel seizes an opportunity to use the technology, uncovering mysteries within the animal world beyond anything she could have imagined.",47.3208,104,en,2026,2026-03-04,tt26443616,,1327819
HOPPERS (IMAX 2D),SU,Adventure|Animation|Comedy|Family|Science Fiction,Nicole Paradis Grindle,Daniel Chong,Max Sachar|Madeline Sharafian|Jesse Andrews|Daniel Chong|Jesse Andrews|John Cody Kim|Samantha Jane Gruwell,Piper Curda|Bobby Moynihan|Jon Hamm|Kathy Najimy|Dave Franco|Eduardo Franco|Aparna Nancherla|Tom Law|Sam Richardson|Melissa Villaseñor,"Scientists have discovered how to 'hop' human consciousness into lifelike robotic animals, allowing people to communicate with animals as animals. Animal lover Mabel seizes an opportunity to use the technology, uncovering mysteries within the animal world beyond anything she could have imagined.",47.3208,104,en,2026,2026-03-04,tt26443616,,1327819
MERCY (IMAX 2D),13+,Science Fiction|Thriller|Crime|Mystery,Timur Bekmambetov|Charles Roven|Majd Nassif|Robert Amidon,Timur Bekmambetov,Marco van Belle,Chris Pratt|Rebecca Ferguson|Kali Reis|Kylie Rogers|Chris Sullivan|Jeff Pierre|Annabelle Wallis|Rafi Gavron|Kenneth Choi|Jamie McBride,"In the near future, a detective stands on trial accused of murdering his wife. He has ninety minutes to prove his innocence to the advanced AI Judge he once championed, before it determines his fate.",17.7111,100,en,2026,2026-01-19,tt31050594,,1236153
PREDATOR: BADLANDS (3D),13+,Action|Science Fiction|Adventure,John Davis|Brent O'Connor|Marc Toberoff|Dan Trachtenberg|Ben Rosenblatt,Dan Trachtenberg,John Thomas|Jim Thomas|Patrick Aison|Dan Trachtenberg|Patrick Aison,Elle Fanning|Dimitrius Schuster-Koloamatangi|Ravi Narayan|Michael Homick|Stefan Grube|Reuben De Jong|Cameron Brown|Alison Wright|Matt Duffer|Ross Duffer,"Cast out from his clan, a young Predator finds an unlikely ally in a damaged android and embarks on a treacherous journey in search of the ultimate adversary.",37.3911,107,en,2025,2025-11-05,tt31227572,,1242898
PREDATOR: BADLANDS (IMAX 2D),13+,Action|Science Fiction|Adventure,John Davis|Brent O'Connor|Marc Toberoff|Dan Trachtenberg|Ben Rosenblatt,Dan Trachtenberg,John Thomas|Jim Thomas|Patrick Aison|Dan Trachtenberg|Patrick Aison,Elle Fanning|Dimitrius Schuster-Koloamatangi|Ravi Narayan|Michael Homick|Stefan Grube|Reuben De Jong|Cameron Brown|Alison Wright|Matt Duffer|Ross Duffer,"Cast out from his clan, a young Predator finds an unlikely ally in a damaged android and embarks on a treacherous journey in search of the ultimate adversary.",37.3911,107,en,2025,2025-11-05,tt31227572,,1242898
SCREAM 7 (IMAX 2D),21+,Horror|Mystery|Crime,Paul Neinstein|William Sherak|James Vanderbilt,Kevin Williamson,Guy Busick|Guy Busick|James Vanderbilt|Kevin Williamson|Kevin Williamson,Neve Campbell|Courteney Cox|Isabel May|Jasmin Savoy Brown|Mason Gooding|Roger L. Jackson|Anna Camp|Joel McHale|Celeste O'Connor|Sam Rechner,"When a new Ghostface killer emerges in the quiet town where Sidney Prescott has built a new life, her darkest fears are realized as her daughter becomes the next target. Determined to protect her family, Sidney must face the horrors of her past to put an end to the bloodshed once and for all.",32.737,114,en,2026,2026-02-25,tt27047903,,1159559
STRAY KIDS: THE DOMINATE EXPERIENCE (IMAX 2D),13+,Music|Documentary,Vaughn Trudeau|Ross Putman|Cari Waterbury|Farah Khalid,Paul Dugdale|Farah Khalid,,Bang Chan|Lee Know|Seo Chang-bin|Hwang Hyun-jin|Han|Felix Lee|Kim Seung-min|I.N,"Featuring the global K-Pop sensation Stray Kids and a live performance from their record-breaking world tour, alongside exclusive behind-the-scenes footage and intimate interviews with the band, Stray Kids: The dominATE Experience is an epic concert film that gives fans both a spectacular front-row seat and unique access to their favourite band.",2.7803,146,ko,2026,2026-02-04,tt39216314,,1600421
THE BRIDE! (IMAX 2D),17+,Science Fiction|Horror|Fantasy,Emma Tillinger Koskoff|Talia Kleinhendler|Maggie Gyllenhaal|Osnat Handelsman-Keren,Maggie Gyllenhaal,Maggie Gyllenhaal|Mary Shelley,Jessie Buckley|Christian Bale|Peter Sarsgaard|John Magaro|Jeannie Berlin|Annette Bening|Jake Gyllenhaal|Penélope Cruz|Zlatko Burić|Louis Cancelmi,A lonely Frankenstein travels to 1930s Chicago to ask groundbreaking scientist Dr. Euphronious to create a companion for him. The two revive a murdered young woman and The Bride is born. But what ensues is beyond what either of them imagined.,23.0441,127,en,2026,2026-03-04,tt30851137,,1159831
THE RUNNING MAN (IMAX 2D),17+,Action|Thriller|Science Fiction,Simon Kinberg|Nira Park|Edgar Wright,Edgar Wright,Stephen King|Michael Bacall|Edgar Wright,Glen Powell|Colman Domingo|Lee Pace|Josh Brolin|William H. Macy|Michael Cera|Emilia Jones|Daniel Ezra|Jayme Lawson|Sean Hayes,"Desperate to save his sick daughter, working-class Ben Richards is convinced by The Running Man's charming but ruthless producer to enter the deadly competition game as a last resort. But Ben's defiance, instincts, and grit turn him into an unexpected fan favorite — and a threat to the entire system. As ratings skyrocket, so does the danger, and Ben must outwit not just the Hunters, but a nation addicted to watching him fall.",31.9684,133,en,2025,2025-11-11,tt14107334,,798645
TRON: ARES (3D),13+,Science Fiction|Adventure|Action,Steven Lisberger|Sean Bailey|Jeffrey Silver|Justin Springer|Jared Leto|Emma Ludbrook,Joachim Rønning,Jesse Wigutow|David DiGilio|Jesse Wigutow|Steven Lisberger|Bonnie MacBird,Jared Leto|Greta Lee|Evan Peters|Gillian Anderson|Jodie Turner-Smith|Jeff Bridges|Hasan Minhaj|Arturo Castro|Cameron Monaghan|Sarah Desjardins,"A highly sophisticated Program called Ares is sent from the digital world into the real world on a dangerous mission, marking humankind's first encounter with A.I. beings.",19.0552,119,en,2025,2025-10-08,tt6604188,,533533
TRON: ARES (IMAX 2D),13+,Science Fiction|Adventure|Action,Steven Lisberger|Sean Bailey|Jeffrey Silver|Justin Springer|Jared Leto|Emma Ludbrook,Joachim Rønning,Jesse Wigutow|David DiGilio|Jesse Wigutow|Steven Lisberger|Bonnie MacBird,Jared Leto|Greta Lee|Evan Peters|Gillian Anderson|Jodie Turner-Smith|Jeff Bridges|Hasan Minhaj|Arturo Castro|Cameron Monaghan|Sarah Desjardins,"A highly sophisticated Program called Ares is sent from the digital world into the real world on a dangerous mission, marking humankind's first encounter with A.I. beings.",19.0552,119,en,2025,2025-10-08,tt6604188,,533533
WICKED: FOR GOOD (3D),13+,Fantasy|Adventure|Romance,Marc Platt|David Stone,Jon M. Chu,Stephen Schwartz|Winnie Holzman|Winnie Holzman|Gregory Maguire|Dana Fox|L. Frank Baum|Gregory Maguire,Cynthia Erivo|Ariana Grande|Jeff Goldblum|Michelle Yeoh|Jonathan Bailey|Ethan Slater|Marissa Bode|Colman Domingo|Bowen Yang|Bronwyn James,"As an angry mob rises against the Wicked Witch, Glinda and Elphaba must unite one last time with honesty and empathy to fulfill their shared destiny and change the fate of Oz forever.",29.423,137,en,2025,2025-11-19,tt19847976,,967941
WICKED: FOR GOOD (IMAX 2D),13+,Fantasy|Adventure|Romance,Marc Platt|David Stone,Jon M. Chu,Stephen Schwartz|Winnie Holzman|Winnie Holzman|Gregory Maguire|Dana Fox|L. Frank Baum|Gregory Maguire,Cynthia Erivo|Ariana Grande|Jeff Goldblum|Michelle Yeoh|Jonathan Bailey|Ethan Slater|Marissa Bode|Colman Domingo|Bowen Yang|Bronwyn James,"As an angry mob rises against the Wicked Witch, Glinda and Elphaba must unite one last time with honesty and empathy to fulfill their shared destiny and change the fate of Oz forever.",29.423,137,en,2025,2025-11-19,tt19847976,,967941
WUTHERING HEIGHTS (IMAX 2D),17+,Romance|Drama|History,Margot Robbie|Emerald Fennell|Tom Ackerley|Josey McNamara|Rosie Goodwin,Emerald Fennell,Emily Brontë|Emerald Fennell,Margot Robbie|Jacob Elordi|Hong Chau|Shazad Latif|Alison Oliver|Martin Clunes|Ewan Mitchell|Amy Morgan|Jessica Knappett|Charlotte Mellington,"Tragedy strikes when Heathcliff falls in love with Catherine Earnshaw, a woman from a wealthy family in 18th-century England.",22.4926,136,en,2026,2026-02-11,tt32897959,,1316092
ZOOTOPIA 2 (IMAX 2D),SU,Animation|Adventure|Comedy|Mystery|Family,Yvett Merino,Jared Bush|Byron Howard,Jared Bush|Carrie Liao|David VanTuyle|Ariana Oh|Kennedy Tarrell|Nancy Kruse|Jeremy Spears|Hikari Toriumi|Mai Shirai|Ryan Green|Kyu Ri Ahn|Miguel Baltazar|Alberto Rodriguez Braojos|Tom Caulfield|Sandeepan Chanda|Tom Ellery|Julia 'Fitzy' Fitzmaurice|Edie Jiang|Tyre Jones|Sylvia Hyo-Ji Lee|Hannah Leung|Gervais Merryweather|Allen Ostergar|Will Patrick|Noor Rasul|Stephanie Garcia Rizo|Melissa Sheng|Samantha Vilfort|Babatunde Akinloye|Ed Sheeran|Shakira|Blake Slatkin,Ginnifer Goodwin|Jason Bateman|Ke Huy Quan|Fortune Feimster|Andy Samberg|David Strathairn|Idris Elba|Shakira|Patrick Warburton|Quinta Brunson,"After cracking the biggest case in Zootopia's history, rookie cops Judy Hopps and Nick Wilde find themselves on the twisting trail of a great mystery when Gary De'Snake arrives and turns the animal metropolis upside down. To crack the case, Judy and Nick must go undercover to unexpected new parts of town, where their growing partnership is tested like never before.",76.6438,108,en,2025,2025-11-26,tt26443597,,1084242
